{"cameraMode":{"drawMode":0,"name":"Shaded","section":"Shading Mode"},"sceneLighting":false,"audioPlay":false,"sceneViewState":{"m_AlwaysRefresh":false,"showFog":false,"showSkybox":false,"showFlares":false,"showImageEffects":false,"showParticleSystems":false,"showVisualEffectGraphs":true,"m_FxEnabled":true},"in2DMode":false,"pivot":{"x":0.21216000616550446,"y":2.945054769515991,"z":0.11042016744613648},"rotation":{"x":0.012896236963570118,"y":-0.9785664677619934,"z":0.06467890739440918,"w":0.19510316848754884},"size":4.037313461303711,"orthographic":true}